rank,uri,artist_names,track_name,source,peak_rank,previous_rank,weeks_on_chart,streams
1,"spotify:track:1yoMvmasuxZfqHEipJhRbp","Maluma","Hawái","Sony Music Latin",1,1,10,"7726601"
2,"spotify:track:11EnQRgRMJwMAesfkB5pnu","Lele Pons, Guaynaa","Se Te Nota (with Guaynaa)","Shots Studios & Music/10:22pm/Interscope Records",2,2,5,"4253581"
3,"spotify:track:35UUpTmrcFXNIVIN26ujXl","Sech, Daddy Yankee, J Balvin, ROSALÍA, Farruko","Relación - Remix","Rich Music",2,3,5,"4069172"
4,"spotify:track:7x4ASXYEKfQBCewcZhK776","KAROL G","Ay, DiOs Mío!","UMLE - Latino",3,5,13,"3187585"
5,"spotify:track:6bvfJf4KjonPMuPfGfy3S2","Nio Garcia, Anuel AA, Myke Towers, Brray, Juanka","La Jeepeta - Remix","Flow La Movie, Inc.",1,4,21,"3179155"
6,"spotify:track:15OjBeqNX3bShsGYQbteRv","Farruko","La Tóxica","Sony Music Latin",6,9,6,"3133401"
7,"spotify:track:6fmQjRuo7XvRFCK2qex5hQ","Jerry Di","Mi Cuarto","Nacho",4,6,9,"2894381"
8,"spotify:track:4HYDUMY0xSpeBr0AMY9cUz","Jay Wheeler, DJ Nelson, Myke Towers","La Curiosidad","Linked Music / Dynamic Records / EMPIRE",7,7,15,"2843671"
9,"spotify:track:16ONd70tvWAaLIc6hcLzaG","Christian Nodal","Aquí Abajo","Universal Music Mexico",6,11,13,"2757038"
10,"spotify:track:0EhpEsp4L0oRGM0vmeaN5e","J Balvin, Dua Lipa, Bad Bunny, Tainy","UN DIA (ONE DAY) (Feat. Tainy)","Universal Music Latino/ NEON16",4,10,11,"2751766"
11,"spotify:track:4ZRrLHqzhGRXYj2qcB4s5S","Rauw Alejandro, Camilo","Tattoo - Remix with Camilo","Sony Music Latin/Duars Entertainment",4,8,13,"2718814"
12,"spotify:track:73nAK3HgQK8dak83Y2WQ8F","Camilo","Vida de Rico","Sony Music Latin",12,17,3,"2624506"
13,"spotify:track:5DoLhdU27owX1NMrKLUbUl","scovs","Lean","scovs",9,12,12,"2580563"
14,"spotify:track:2lCkncy6bIB0LTMT7kvrD1","J Balvin","Azul","UMLE - Latino",1,14,29,"2375996"
15,"spotify:track:0VjIjW4GlUZAMYd2vXMi3b","The Weeknd","Blinding Lights","Republic Records",2,16,45,"2175693"
16,"spotify:track:5Jm4w8jmPEBTLjI9vH4fXo","Ozuna","Caramelo","Aura Music Corp.",4,15,17,"2136823"
17,"spotify:track:1cVlW9WQiGlFdWUXFdFZGh","Piso 21, Christian Nodal","Pa' Olvidarme De Ella","WM Mexico",6,18,57,"2129771"
18,"spotify:track:1pqnQ41XbfKjaFu6M0eGJp","Tainy, J Balvin","Agua (with J Balvin)","NEON16/Interscope Records",3,13,13,"2111594"
19,"spotify:track:4RJz8NfIe09gpKMiRUWKhJ","Maluma, Lenny Tavárez, Justin Quiles","Parce (feat. Justin Quiles)","Sony Music Latin",19,26,7,"1982491"
20,"spotify:track:3ZG8N7aWw2meb6UrI5ZmnZ","Sech","Relación","Rich Music",2,19,27,"1918509"
21,"spotify:track:5y7DaS3jAc9eZzcSOoUIwU","Ozuna, J Balvin, Chencho Corleone","Una Locura","Aura Music Corp.",21,21,5,"1898777"
22,"spotify:track:7paFC3FEu1WtPVP4Do6VZN","Christian Nodal","Se Me Olvidó","Universal Music Mexico",3,24,31,"1846287"
23,"spotify:track:67jvGGbJmOmVonlyX3mNkV","Ozuna, KAROL G, Myke Towers","Caramelo - Remix","Aura Music Corp.",22,22,7,"1822920"
24,"spotify:track:1qfoq1qvZT7VwDVeekCJ97","Christian Nodal","De Los Besos Que Te Di","Universal Music Mexico",17,25,78,"1786910"
25,"spotify:track:6SnO4yCCYtz2rffMpEAlro","Christian Nodal","Nace Un Borracho","Universal Music Mexico",17,20,4,"1734902"
26,"spotify:track:13vDU8nPsvTGEVTMB8Vw7g","Aya Nakamura, Maluma","Djadja (feat. Maluma) - Remix","Rec. 118",9,23,15,"1683695"
27,"spotify:track:34LI7rwi9H8w2S5KTHnv1M","Manuel Turizo","Quiéreme Mientras Se Pueda","Sony Music Latin/La Industria",27,29,19,"1663424"
28,"spotify:track:0SqqAgdovOE24BzxIClpjw","Bad Bunny","Yo Perreo Sola","Rimas Entertainment LLC",1,28,32,"1638684"
29,"spotify:track:1nLs8r6K4YN0avBwUmmTnr","Carin Leon","Tu - Live","Tamarindo Rekordsz",14,27,19,"1623737"
30,"spotify:track:0t1kP63rueHleOhQkYSXFY","BTS","Dynamite","BIGHIT MUSIC",26,33,7,"1619364"
31,"spotify:track:0jT8Nl0shPS8115is0wD2Q","Camilo","Favorito","Sony Music Latin",2,31,28,"1598368"
32,"spotify:track:2DEZmgHKAvm41k4J3R2E9Y","Bad Bunny, Jowell & Randy, Ñengo Flow","Safaera","Rimas Entertainment LLC",1,30,32,"1588006"
33,"spotify:track:63Zaf8Rci6eOUPqDQ4fUFx","Camilo, Christian Nodal","La Mitad","Sony Music Latin",17,34,25,"1573045"
34,"spotify:track:380HmhwTE2NJgawn1NwkXi","J Balvin","Rojo","UMLE - Latino",3,40,32,"1554935"
35,"spotify:track:1bRpSCFv6P2OUhciByeRYR","Alex Rose, Rafa Pabön","Jangueo","Los Oidos Fresh/ Los Proximos",7,35,37,"1518090"
36,"spotify:track:6UelLqGlWMcVH1E5c4H7lY","Harry Styles","Watermelon Sugar","Columbia",28,32,31,"1515043"
37,"spotify:track:7k4t7uLgtOxPwTpFmtJNTY","KAROL G, Nicki Minaj","Tusa","TUSA - Karol G & Nicki Minaj",1,37,48,"1497651"
38,"spotify:track:5EbtodsuLbxrFDH6j5avVS","Camilo, Pablo Alborán","El Mismo Aire - con Pablo Alborán","Sony Music Latin",27,36,17,"1470974"
39,"spotify:track:1GNSWpe2SB30zYGbNTD96b","Danna Paola, Sebastian Yatra","No Bailes Sola","Universal Music Mexico",26,39,12,"1445815"
40,"spotify:track:4K8cyoCDovlc4FvtUr2Hfx","Cali Y El Dandee, Danna Paola","Nada","Cali y El Dandee PS",40,53,8,"1438230"
41,"spotify:track:2QwMXe5zbqymDZGYsMDVqZ","Carin Leon","Me La Avente","Tamarindo Rekordsz",27,43,70,"1424475"
42,"spotify:track:19OXtYzrJyCrQvTbfukt4H","Maluma, Myke Towers","Madrid (feat. Myke Towers)","Sony Music Latin",42,45,7,"1417536"
43,"spotify:track:4nbWX2HzrOEnX4xxvYRCyU","El Fantasma, Los Dos Carnales","Cabrón y Vago - En Vivo","Afinarte Music",43,50,9,"1390259"
44,"spotify:track:5cBrOhKDyiJF9bPGUHKkG0","Dalex","+Linda","Rich Music",34,38,13,"1383885"
45,"spotify:track:0fea68AdmYNygeTGI4RC18","J Balvin, Bad Bunny","LA CANCIÓN","Universal Music Latino / Rimas",1,48,67,"1376524"
46,"spotify:track:50ZC4PM7hywH27RcCfViau","Rauw Alejandro, Dalex, Lenny Tavárez, Dímelo Flow","Elegí (feat. Dímelo Flow)","Sony Music Latin",7,44,28,"1342295"
47,"spotify:track:0JAZWvvqttGFm4UMDsPQXC","Ozuna, Camilo","Despeinada","Aura Music Corp.",47,58,4,"1333337"
48,"spotify:track:4dKY6JFNvj2yWzENIL1P6s","Lenin Ramírez, Grupo Firme","Yo Ya No Vuelvo Contigo - En Vivo","DEL Records",31,49,44,"1307736"
49,"spotify:track:1rgnBhdG2JDFTbYkYRZAku","Tones And I","Dance Monkey","Elektra (NEK)",2,47,56,"1300854"
50,"spotify:track:4JUPEh2DVSXFGExu4Uxevz","BLACKPINK, Selena Gomez","Ice Cream (with Selena Gomez)","YG Entertainment/Interscope Records",48,88,6,"1280478"
51,"spotify:track:5LPlvbxA6bJQHvUW12Mr22","Christian Nodal","Amor Tóxico","Universal Music Mexico",16,41,19,"1277151"
52,"spotify:track:7gwwt1IaAWwmB7af0AcuBM","Harry Nach","Tak Tiki Tak","Sony Music Entertainment Chile S.A",9,42,20,"1273209"
53,"spotify:track:4j3iq13kHs5PB94jdTp3Y3","Maluma","ADMV","Sony Music Latin",18,46,24,"1265369"
54,"spotify:track:4pXW6ZAHBz7ODXTRKklWrM","Trueno, Nicki Nicole, Bizarrap, Taiu, TATOOL","Mamichula - con Nicki Nicole","NEUEN",18,51,11,"1265027"
55,"spotify:track:7sQKy5vlPQllr0k9IjYJv3","Arcangel, Sech, Dímelo Flow","Sigues Con El","Rimas Entertainment LLC.",3,56,43,"1220692"
56,"spotify:track:4SJHHpKhcuXwDsCsPqshXj","Rauw Alejandro, Chencho Corleone","El Efecto","Duars Entertainment, Corp.",11,55,26,"1192444"
57,"spotify:track:6C6mUonH6MNdSg5pw7kOc9","KHEA, Lenny Santos","Ayer Me Llamó Mi Ex (feat. Lenny Santos)","Young Flex/Interscope Records",47,59,7,"1188584"
58,"spotify:track:69vlMrzHwATKzupwNcUPyK","Bad Bunny, Daddy Yankee","La Santa","Rimas Entertainment LLC",5,52,32,"1154767"
59,"spotify:track:41wtwzCZkXwpnakmwJ239F","Bad Bunny","Si Veo a Tu Mamá","Rimas Entertainment LLC",1,54,32,"1141587"
60,"spotify:track:7BwEomcUntwQkSWf3U0Yxl","Mi Banda El Mexicano","Ramito De Violetas","Musart-Balboa",56,73,34,"1130908"
61,"spotify:track:4R8BJggjosTswLxtkw8V7P","Jhayco, J Balvin, Bad Bunny","No Me Conoce - Remix","N&E Entertainment LLC",3,61,73,"1108155"
62,"spotify:track:4Oun2ylbjFKMPTiaSbbCih","Cardi B, Megan Thee Stallion","WAP (feat. Megan Thee Stallion)","Atlantic/KSR",50,63,8,"1100513"
63,"spotify:track:06s3QtMJVXw1AJX3UfvZG1","Anuel AA, Bad Bunny","Hasta Que Dios Diga","2020 Real Hasta La Muerte, LLC",15,57,19,"1100421"
64,"spotify:track:3PfIrDoz19wz7qK7tYeu62","Dua Lipa","Don't Start Now","Warner Records",8,72,49,"1093710"
65,"spotify:track:4CLkDJ4xLqkV4Vt2vPOny1","El Fantasma","Palabra de Hombre","Afinarte Music",65,69,31,"1073559"
66,"spotify:track:7hbk4BaF66O09R1gq0bKwj","Christian Nodal","No Te Contaron Mal","Universal Music Mexico",9,71,109,"1070029"
67,"spotify:track:4Ws314Ylb27BVsvlZOy30C","BLACKPINK","Lovesick Girls","YG Entertainment/Interscope Records",67,-1,1,"1069811"
68,"spotify:track:4QfZYDhGZc0T2RDvGiI69E","El Alfa, Chael Produciendo","Singapur","El Jefe Records",18,64,15,"1065973"
69,"spotify:track:35wvL50xvKpCHEJPxLOLPI","Bad Bunny","Si Estuviésemos Juntos","Rimas Entertainment LLC",64,66,73,"1061393"
70,"spotify:track:5Myb8S90Wg0yLec5kmrIGJ","Los Ángeles Azules, Belinda, Lalo Ebratt, Horacio Palencia","Amor a Primera Vista","OCESA Seitrack",13,75,69,"1060820"
71,"spotify:track:7lUdbnz7wsv3C9zzf4WHl9","Feid, J Balvin, Maluma, Nicky Jam, Sech, Justin Quiles","PORFA Remix ( Feat. Maluma, Nicky Jam, Sech) - Remix","JP Entertainment (Jorge Pino)",33,62,15,"1057998"
72,"spotify:track:017PF4Q3l4DBUiWoXk4OWT","Dua Lipa","Break My Heart","Warner Records",18,68,28,"1055449"
73,"spotify:track:38RIEav39FGi86jppxO0du","Bad Bunny, Sech","Ignorantes","Rimas Entertainment LLC",2,67,34,"1047626"
74,"spotify:track:1uKjQoh8JZj9ryuYRhpd7E","Luis Miguel","Ahora Te Puedes Marchar","WM Mexico",21,82,198,"1042925"
75,"spotify:track:099tjv6oy2opbpCOA3nBwX","Ir Sais, Rauw Alejandro","Dream Girl - Remix","Sony Music Latin",43,60,18,"1039181"
76,"spotify:track:7iQc2DabEtzp60faOO9EmN","Christian Nodal","AYAYAY!","Universal Music Mexico",15,65,25,"1031603"
77,"spotify:track:35KmOEIUqAGn02t7n4qaIr","J Balvin","Morado","UMLE - Latino",5,79,39,"1030739"
78,"spotify:track:4SFknyjLcyTLJFPKD2m96o","BLACKPINK","How You Like That","YG Entertainment/Interscope Records",55,158,15,"1029794"
79,"spotify:track:5stPVcRqb4qixbafP9e8lt","Dalex, Lenny Tavárez, Chencho Corleone, Juhn, Dímelo Flow","Hola - Remix","Rich Music",10,78,46,"1015403"
80,"spotify:track:0akyEssGRVHstqCSWXusJL","Ed Maverick","Fuentes de Ortiz","Universal Music Mexico",21,81,91,"1006990"
81,"spotify:track:53PoPAD389bBE4ePYuT95g","Los Dos Carnales","El Envidioso","Afinarte Music",76,77,17,"975297"
82,"spotify:track:6NfrH0ANGmgBXyxgV2PeXt","Bad Bunny","La Difícil","Rimas Entertainment LLC",3,74,32,"971948"
83,"spotify:track:56Ta1O7Jxxpjnc6cWdDKUo","Reik, Farruko, Camilo","Si Me Dices Que Sí","Sony Music México",49,84,33,"969334"
84,"spotify:track:0cRgJuB6TRtb5RZ2HkjSLh","Jowell & Randy, J Balvin","Anaranjado","Rimas Entertainment LLC.",56,76,12,"964068"
85,"spotify:track:3JHpk0DOTOzyh0777JFAky","Myke Towers","Diosa","2020 One World Music & Casablanca Records | Powered by GLAD Empire, LL",16,80,34,"962185"
86,"spotify:track:3GtnId3Cm1Xa6joCj08nzW","Justin Quiles","Jeans","WEA Latina",86,101,7,"953220"
87,"spotify:track:2UypFzxfaYgMUnQX2k4qtj","Pepe Aguilar, Melissa Robles, Ángela Aguilar, La Marisoul","Prometiste","Pepe Aguilar",58,96,160,"941173"
88,"spotify:track:6EDO9iiTtwNv6waLwa1UUq","DJ Khaled, Drake","POPSTAR (feat. Drake)","OVO/We The Best/Epic",63,70,5,"930208"
89,"spotify:track:2tFwfmceQa1Y6nRPhYbEtC","Jhayco, Bad Bunny","CÓMO SE SIENTE - Remix","N&E Entertainment LLC",26,87,22,"924899"
90,"spotify:track:4ggabbjjuHrG06SsYnqvEs","Chayín Rubio","Ya Me Enteré","UMLE - Fonovisa",61,92,60,"924879"
91,"spotify:track:4xqrdfXkTW4T0RauPLv3WA","Conan Gray","Heather","Republic Records",77,86,7,"920008"
92,"spotify:track:7MmrcXVA7A5zZ2CbDuGHNa","Rels B","A Mí","ILoveRibs! / MÉCÈN Ent.",68,89,85,"919357"
93,"spotify:track:4r9jkMEnArtWGH2rL2FZl0","Bad Bunny","A Tu Merced","Rimas Entertainment LLC",18,85,32,"913525"
94,"spotify:track:2MeEuwplwbbjZ7hxRI6viw","Grupo Firme, Marca MP","El Güero (Feat. Marca MP)","Music VIP Entertainment Inc",47,94,42,"902428"
95,"spotify:track:4NUt1fcnO9aQAELBgXq3Kr","Alejandro Fernández","Me Dediqué a Perderte","Columbia",73,103,198,"900158"
96,"spotify:track:2n7ohqg1s68ToAHh4u9mcW","Bad Bunny","Vete","Rimas Entertainment LLC",1,91,46,"895655"
97,"spotify:track:2Wo6QQD1KMDWeFkkjLqwx5","SAINt JHN, Imanbek","Roses - Imanbek Remix","Columbia/B1 Recordings",21,93,29,"883152"
98,"spotify:track:6mAN61JH0dzyZpWslS11jy","Rauw Alejandro, Farruko","Fantasias","(SME US Latin) Duars Entertainment, Corp. (2)",5,90,55,"882444"
99,"spotify:track:5omVNcjiCT5mvAfoGwVtYo","Leon Leiden, Yung Dupe, Salma, Charly Romero, Jeis, Pao Alvarado","Gitana (feat. Jeis, Pao Alvarado & Charly Romero)","Laila Records",72,83,9,"873073"
100,"spotify:track:6WYB1odDfMPVMyp1QxFInT","Eslabon Armado","Con Tus Besos","Eslabon Armado",47,98,25,"868166"
101,"spotify:track:6F9yAYUaNbUhdlQyt5uZ3b","Luis Miguel","La Incondicional","WEA Latina",26,106,131,"853110"
102,"spotify:track:2TH65lNHgvLxCKXM3apjxI","Bad Bunny, Tainy","Callaita","Rimas Entertainment LLC",1,95,71,"852392"
103,"spotify:track:6VuUMo1TusnqBxLTnr3hOI","León Larregui","Brillas","EMI México",43,108,198,"851660"
104,"spotify:track:6vruVVMkk7YGKzkuIrtOWz","Danna Paola","Oye Pablo","Universal Music Mexico",6,100,58,"850736"
105,"spotify:track:728JhI2Z1GDz1ThXbMIBvl","Carin Leon, Conjunto Primavera","El Amor De Tu Vida","Tamarindo Rekordsz",102,102,5,"813352"
106,"spotify:track:6jrK6Y8d9tvjAjurI4W99u","Alejandro Fernández","Caballero","UMLE - Latino",40,104,53,"802471"
107,"spotify:track:24IgCW19L8lXKyFZwzFtD3","Black Eyed Peas, Ozuna, J. Rey Soul","MAMACITA","Epic",53,99,20,"800405"
108,"spotify:track:1Ol5LmdNDNpFu1oNwfgkux","Camilo, Pedro Capó","Tutu","Sony Music Latin",2,105,61,"796452"
109,"spotify:track:2D9itdl85AQVNpTfrxvUGj","Danna Paola","Mala Fama","Universal Music Mexico",28,109,80,"792975"
110,"spotify:track:4XC7YfQYxDuUa7I287yeWw","Cardenales De Nuevo León","Belleza De Cantina","Universal Music Mexico",90,107,62,"790190"
111,"spotify:track:3kml9ZdpT7UYk1ugkjqOzt","Daddy Yankee, Anuel AA, Kendo Kaponi","Don Don","El Cartel Records",79,97,4,"787746"
112,"spotify:track:70w1mwTod6NgCNV6e7ZlIQ","Grupo Firme, Luis Alfonso Partida El Yaki","Cada Vez Te Extraño Más","Music VIP Entertainment Inc",70,111,46,"779174"
113,"spotify:track:5aJ1M43pinROpwaPnO8KRj","Natanael Cano","Amor Tumbado","Rancho Humilde",30,114,38,"778086"
114,"spotify:track:5KCbr5ndeby4y4ggthdiAb","Shawn Mendes","Wonder","Shawn Mendes LP4-5 PS/ Island",114,-1,1,"777625"
115,"spotify:track:0pgj4EzB1XRqgZemoMNG5D","Camilo, Evaluna Montaner","Por Primera Vez","Sony Music Latin",28,112,30,"775632"
116,"spotify:track:63bmZnBN1CiJ9sA4qTEe8y","Christian Nodal","Adiós Amor","Universal Music Mexico",9,115,198,"775595"
117,"spotify:track:7jYZU1CIruZU3puB5tiYiW","Danna Paola","Sodio","Universal Music Mexico",13,117,35,"762843"
118,"spotify:track:059bcIhyc2SBwm6sw2AZzd","Piso 21, Micro TDH","Te Vi","WM Mexico",3,123,95,"752572"
119,"spotify:track:6ifUES3keWjwXgae8pXI3o","Danny Ocean","Me Rehúso","Atlantic Records",1,122,193,"744076"
120,"spotify:track:7KbF6AdprOXEEHlsq11Z6d","Maluma","11 PM","Sony Music Latin",3,120,73,"743171"
121,"spotify:track:3pm4XtcsRIFFtH2UErk62R","Yandel, Bad Bunny","CANCIÓN CON YANDEL","Rimas Entertainment LLC",12,113,22,"742180"
122,"spotify:track:7iAgNZdotu40NwtoIWJHFe","BLACKPINK, Cardi B","Bet You Wanna (feat. Cardi B)","YG Entertainment/Interscope Records",122,-1,1,"726768"
123,"spotify:track:1XnpzbOGptRwfJhZgLbmSr","BLACKPINK","Pretty Savage","YG Entertainment/Interscope Records",123,-1,1,"720348"
124,"spotify:track:2tnVG71enUj33Ic2nFN6kZ","Regard","Ride It","Ministry of Sound Recordings",19,129,51,"719446"
125,"spotify:track:4TOmcZvw0gHa7GiXRbcYAW","Feid, Justin Quiles","PORFA","JP Entertainment (Jorge Pino)",20,119,27,"717506"
126,"spotify:track:0hwEhPxCBLKiqeBMZavGAv","LIT killah, Bizarrap","Flexin'","WM Argentina",91,116,8,"715850"
127,"spotify:track:3p6eieHX6oEOzJStPtEsLu","Calibre 50","Si Te Pudiera Mentir","Calibre",126,126,11,"714860"
128,"spotify:track:62aP9fBQKYKxi7PDXwcUAS","Surf Mesa, Emilee","ily (i love you baby) (feat. Emilee)","Astralwerks",34,125,24,"709745"
129,"spotify:track:5J7teKIJGtqVypgYI6sqXj","Bad Bunny, Mora","Una Vez","Rimas Entertainment LLC",30,118,16,"709374"
130,"spotify:track:3jjujdWJ72nww5eGnfs2E7","Harry Styles","Adore You","Columbia",56,128,44,"704176"
131,"spotify:track:5wPhERt9izm1T45aFXDWPe","La Factoria","Todavia","La Factoria",131,149,36,"703607"
132,"spotify:track:5jW3rF4URMdK7tO2xjS5EI","Paulo Londra","Tal Vez","WEA Latina",2,135,79,"702001"
133,"spotify:track:21bfgzz92T3L96IsFn8Kvy","Grupo Firme","El Roto - En Vivo","Music VIP Entertainment",50,134,52,"701686"
134,"spotify:track:0KkIkfsLEJbrcIhYsCL7L5","Anuel AA, Daddy Yankee, KAROL G, Ozuna, J Balvin","China","2020 Real Hasta La Muerte, LLC",1,124,64,"698749"
135,"spotify:track:4prmUBle7TtAeeUgCnsc3Z","Christian Nodal","Probablemente","Universal Music Mexico",12,136,174,"698734"
136,"spotify:track:6v3KW9xbzN5yKLt9YKDYA2","Shawn Mendes, Camila Cabello","Señorita","Island Records",5,144,68,"692482"
137,"spotify:track:57Ba26w9eoXx8BBUNgRNLV","Super Yei, Jone Quest, Sammy, Myke Towers, Lenny Tavárez, Rafa Pabön","La Forma en Que Me Miras","2020 Superiority | Powered by GLAD EMPIRE, LLC",86,131,35,"692083"
138,"spotify:track:72kaj3MRKcGnv2dbukJQRA","Los Dos Carnales","Vida Ventajosa","Afinarte Music",138,142,7,"689837"
139,"spotify:track:3V5mrjHNr7VFhcUJ5oh45V","Pancho Barraza","Mi Enemigo El Amor","Pachy Music",122,132,53,"684931"
140,"spotify:track:5XR1WyZ0uOSHRNhP85QxT4","KURT","La Mujer Perfecta","Universal Music Mexico",31,137,113,"684436"
141,"spotify:track:0fehAJVm4Yk9a1jlKi1B0q","Matisse, Guaynaa","Imposible Amor","Sony Music México",60,127,33,"681766"
142,"spotify:track:6MOjqs7ngSnZz3J5GZLAfm","Natanael Cano","Arriba","Rancho Humilde",23,139,23,"677512"
143,"spotify:track:2G74yhtIMW8tJY5I83dS4Z","Reyli Barba","Amor del Bueno","Pop Music",132,167,75,"666870"
144,"spotify:track:4Pu0a2TuHOYtI4CCE3HEXI","Arcangel, Sech, Romeo Santos","Sigues Con El - Remix","Rimas Entertainment LLC.",41,143,26,"661756"
145,"spotify:track:7na7Bk98usp84FaOJFPv3d","Rauw Alejandro","Tattoo","(SME US Latin) Duars Entertainment, Corp. (2)",8,130,33,"657578"
146,"spotify:track:7BwxbmYFy0l3ROHDjV2c14","Luis Miguel","Culpable O No - Miénteme Como Siempre","WEA Latina",4,154,124,"657057"
147,"spotify:track:0zRc5cHuMrulujN8t1XbYE","Alejandro Fernández","Te Olvidé","UMLE - Latino",58,148,38,"655000"
148,"spotify:track:4NCsrTzgVfsDo8nWyP8PPc","Black Eyed Peas, J Balvin","RITMO (Bad Boys For Life)","Epic",1,138,52,"652170"
149,"spotify:track:6Pur3hWy6Nzc27ilmsp5HA","Los Enanitos Verdes","Lamento Boliviano","EMI Latin",84,157,111,"651149"
150,"spotify:track:5u1n1kITHCxxp8twBcZxWy","Justin Bieber, Chance the Rapper","Holy (feat. Chance The Rapper)","RBMG/Def Jam",104,110,3,"650974"
151,"spotify:track:3hbTkJ0yFzHbawnKyhvTQj","RBD, Anahí, Dulce María, Maite Perroni, Christian Chávez, Christopher von Uckermann, Alfonso Herrera","Sálvame","Universal Music Mexico",40,121,5,"650241"
152,"spotify:track:4xI3U4sDj1TPmO9Iz5TkYp","El Alfa, Darell, Noriel","4K","El Jefe Records",120,145,9,"645949"
153,"spotify:track:3WQilym5Vi4ypxb70vx0eY","Junior H","Mente Positiva","Rancho Humilde / Z Records",122,166,22,"643634"
154,"spotify:track:0pqnGHJpmpxLKifKRmU6WP","Imagine Dragons","Believer","Kid Ina Korner / Interscope",34,156,192,"643545"
155,"spotify:track:3K6noLeoPTQJ5jUErC8jT5","Calibre 50","Simplemente Gracias","Calibre",46,141,74,"641974"
156,"spotify:track:0ofHAoxe9vBkTCp2UQIavz","Fleetwood Mac","Dreams - 2004 Remaster","Rhino/Warner Records",156,-1,1,"641298"
157,"spotify:track:4qArKIA7dnmdushoBlkV94","Adriel Favela, Javier Rosas Y Su Artillería Pesada","La Escuela No Me Gustó","Gerencia 360 Music, Inc.",54,147,87,"636820"
158,"spotify:track:63USmok1OioBzKuWGW9wAg","Los Ángeles Azules, Natalia Lafourcade","Nunca Es Suficiente","Promotodo Mexico",13,160,119,"632677"
159,"spotify:track:3dkEwOKhFselY2m22Nj2vi","Grupo Firme, Banda Coloso","El Amor No Fue Pa´ Mí - En Vivo","Music VIP Entertainment",60,155,52,"632100"
160,"spotify:track:4TgxFMOn5yoESW6zCidCXL","Jawsh 685, Jason Derulo, BTS","Savage Love (Laxed – Siren Beat) [BTS Remix]","Columbia",160,-1,1,"631693"
161,"spotify:track:5Id5B3dxJZhPcV9GzgYZZe","Rich Music LTD, Sech, Dalex, Justin Quiles, Lenny Tavárez, Feid, Wisin, Zion","Quizas","Rich Music",17,159,55,"631635"
162,"spotify:track:6zEgnpM0qYmHLDnh8WPejL","J Balvin","Amarillo","UMLE - Latino",9,140,29,"630734"
163,"spotify:track:7eJMfftS33KTjuF7lTsMCx","Powfu, beabadoobee","death bed (coffee for your head)","Columbia",21,153,31,"629205"
164,"spotify:track:21jGcNKet2qwijlDFuPiPb","Post Malone","Circles","Republic Records",30,161,58,"626548"
165,"spotify:track:2xxq5LXFBFyawPChsOOWVu","La Adictiva","El Amor de Mi Vida","Anval Music",104,164,72,"625430"
166,"spotify:track:1l77YWrGUp3qX3NS1rz7lq","Banda MS de Sergio Lizárraga","El Color de Tus Ojos","Lizos Music",24,162,156,"624154"
167,"spotify:track:25ZAibhr3bdlMCLmubZDVt","J Balvin, Bad Bunny","QUE PRETENDES","Universal Music Latino / Rimas",6,197,65,"623382"
168,"spotify:track:4Pzk85DqWoLqptyA5IlhLk","Omega","Pegao / Me Miro y La Mire - TikTok Hit","Allegro Music / Planet Records [Powered by Planet Distribution]",123,133,4,"621266"
169,"spotify:track:7A07Yu1dRND3RKDzbhKrDs","Intocable","Fuerte No Soy","Capitol Latin",141,146,17,"620971"
170,"spotify:track:5XqCz18k96K8tx6DAYM97i","Bad Bunny, Don Omar","PA' ROMPERLA","Rimas Entertainment LLC",10,151,22,"620508"
171,"spotify:track:6KeweE0BlXx3AtjMKhBLaz","Rich Music LTD, Sech, Dalex, Justin Quiles, Lenny Tavárez, Feid, Mariah Angeliq","Feel Me","Rich Music",122,150,12,"617136"
172,"spotify:track:2bgcUk2A3jjKbCJ7KPquTi","Wisin, Myke Towers, Los Legendarios","Mi Niña","La Base Music Group/ WK Records",172,-1,1,"609504"
173,"spotify:track:3SqvR3HYLlCTYzbDXJ52OC","LP","Lost on You","Vagrant Records",30,176,109,"609459"
174,"spotify:track:2SLDBgw3EFfeZ50AXxfcSf","Carin Leon","Si Tu Amor No Vuelve - Live","Tamarindo Rekordsz",123,178,11,"607089"
175,"spotify:track:56f5qnyAlZdlz8wrUDA50h","Mau y Ricky, Manuel Turizo, Camilo","Desconocidos","Sony Music Latin",3,168,104,"605060"
176,"spotify:track:4FqfHVML025cwjfhAOFbfa","Luis Miguel","Por Debajo De La Mesa","WEA Latina",126,175,26,"604032"
177,"spotify:track:6WkJ2OK163XXS2oARUC9JM","Aaron Smith, Krono, Luvli","Dancin (feat. Luvli) - Krono Remix","Sony Music Entertainment",8,183,84,"600831"
178,"spotify:track:3Dv1eDb0MEgF93GpLXlucZ","Doja Cat","Say So","Kemosabe Records/RCA Records",25,169,36,"600493"
179,"spotify:track:66SvxvblhUIEL6awyLMGL2","El Fantasma","El Circo","Afinarte Music",173,174,11,"597159"
180,"spotify:track:0RiRZpuVRbi7oqRdSMwhQY","Post Malone, Swae Lee","Sunflower - Spider-Man: Into the Spider-Verse","Republic Records",8,179,103,"596268"
181,"spotify:track:7qq0EOPW4RRlqdvMBmdd73","BLACKPINK","Crazy Over You","YG Entertainment/Interscope Records",181,-1,1,"592415"
182,"spotify:track:7bidsoy3nzCDNYzAzrV7NN","Bizarrap, KHEA","KHEA: Bzrp Music Sessions, Vol. 34","DALE PLAY Records",182,-1,1,"589798"
183,"spotify:track:3H7ihDc1dqLriiWXwsc2po","Topic, A7S","Breaking Me","Virgin",171,171,9,"586592"
184,"spotify:track:4yKC4OVtG5Z9nIX98r7SQp","Joan Sebastian, Calibre 50","Que Sea","Universal Music Mexico",171,190,9,"585238"
185,"spotify:track:1Wrzhfa5bNlqvsnCztz190","Hombres G","Devuélveme a mi chica","WM Spain",72,189,163,"579595"
186,"spotify:track:0FktnzDqjClqU6iqOZVEs2","Bad Bunny","BYE ME FUI","Rimas Entertainment LLC",7,163,22,"579411"
187,"spotify:track:0zCOT028cU3DeCqN1G18wE","Inspector","Amargo Adiós","Universal Music Mexico",110,181,92,"578260"
188,"spotify:track:10UiP7h6szsk0CitFO8NM2","Grupo Ensamble","Tus Jefes No Me Quieren","Hyphy Music",142,-1,4,"577456"
189,"spotify:track:6vPAmoERUMRoTZaCCSWQ12","Luis Miguel","Hasta Que Me Olvides","WEA Latina",84,191,59,"577366"
190,"spotify:track:0tKl8ZVM6xJkhznvJAS3Nq","Junior H","Ella","Rancho Humilde",124,172,38,"576763"
191,"spotify:track:6aommJFM8i3iT4inKuDSXh","Jósean Log","Chachachá","Jósean Log",160,200,26,"576017"
192,"spotify:track:7iKDsPfLT0d5mu2htfMKBZ","BLACKPINK","Love To Hate Me","YG Entertainment/Interscope Records",192,-1,1,"573787"
193,"spotify:track:4t9a07PAghtQMRAIP9FQ7Z","Lunay, Daddy Yankee, Bad Bunny","Soltera - Remix","La Familia",2,170,74,"573343"
194,"spotify:track:3elpkpwYlmUbuvmVps08lJ","Santa Fe Klan, Nanpa Básico","Te Ire A Buscar","Rap Trap Records / Alzada Corp",185,185,2,"572115"
195,"spotify:track:4waqcUQWdj0yH26STWl2Rq","La Oreja de Van Gogh","Rosas","Columbia",161,-1,28,"569764"
196,"spotify:track:2qG5sZ7Si6sdK74qLxedYM","ROSALÍA, J Balvin, El Guincho","Con Altura","Columbia",7,188,79,"568193"
197,"spotify:track:6ZUBqOrjrdmkP4eLQLBeaq","Adriel Favela, Código FN","Miami Vibe","Gerencia 360 Music, Inc.",82,199,58,"566921"
198,"spotify:track:2awKQgW88iq9jFM54VaCAp","La Quinta Estacion","El Sol No Regresa","Ariola",113,-1,91,"564617"
199,"spotify:track:45sVRPegWSGpIcsrDoaaCY","La Adictiva","En Peligro de Extinción","Anval Music",20,186,115,"564361"
200,"spotify:track:1lKI9y1DL6QnYTZguVmACX","Luis Miguel","La Media Vuelta","WEA Latina",71,196,46,"563811"
